{"Days":["095/24","096/24","097-3/24","097-22/24","098-3/24","098-22/24","099/24","100-3/24","100-21/24","101/24","106/24","107/24","108/24","109/24","111/24","112/24","113/24","114/24","115/24","116/24","118/24","119/24","120/24","121/24","123/24","125/24","126/24","127/24","128/24","129/24","130/24","132/24","133/24","134/24","135/24","136/24","137/24","139/24","141/24","142/24","143/24","144/24","146/24","148/24","149/24","150/24","151/24","152/24","153/24","154/24","155/24","156/24","157/24","158/24","160/24","161/24","162/24","163/24","164/24","165/24","167/24","168/24","169/24","170/24","171/24","172/24","174/24","175/24","176/24","177/24","178/24","179/24","181/24","182/24","183/24"],"dsHAMMS":["","","",18,"",14,"","",20,"",19,"","",27,"",26,21,18,"",12,12,"",19,20,"",18,18,32,"","","",24,29,22,"","",16,19,17,34,"",26,24,17,"","",18,45,54,25,27,"","","",22,"",14,"","","",26,15,22,"","","",17,20,18,32,"","",33,35,24],"dsHAMEN":["","","","","","","","","",22,"","",16,"","","","","",17,"","","","","","","","","","",20,"","","","","",12,"","","","",21,"","","","",16,"","","","","","",18,"","","","","",16,"","","","","",19,"","","","","",19,"","","",""],"dsCB":["","","","","","","","","","","","","","","","","","","","","","","","","","","","","","","","","","","","","","","","","","","","","","","","","","","","","","","","","","","","","","","","","","","","","","","","","","",""],"dsVOI":[39,30,52,"",36,"",26,43,"","","","","","","","","","","","","","","","","","","","","","","","","","","","","","","","","","","","","","","","","","","","","","","","","","","","","","","","","","","","","","","","","","",""],"dsLOC":[17,15,22,7,14,8,12,23,12,11,9,6,5,12,6,6,6,8,9,4,5,2,4,5,3,5,8,3,4,6,5,4,8,6,7,6,4,5,6,4,4,5,6,7,3,4,9,9,13,5,4,4,5,2,6,4,3,4,8,4,9,7,7,3,7,8,7,10,7,10,7,8,20,13,14],"dsINTL":[22,15,30,11,22,6,14,20,8,11,10,24,11,15,30,20,15,10,8,8,7,10,15,15,38,13,10,29,26,14,25,20,21,16,14,6,12,14,11,30,17,21,18,10,24,12,9,36,41,20,23,18,13,32,16,25,11,22,8,27,17,8,15,10,12,20,10,10,11,22,12,30,13,22,10],"avg_dsHAMMS":23.071428571428573,"avg_dsHAMEN":17.818181818181817,"avg_dsLOC":7.44,"avg_dsINTL":17.08,"dsHAMID":["","","","","","","","","","","",30,"","",36,"","","","","","",12,"","",41,"","","",30,"",30,"","","",21,"","","","","","","","","",27,"","","","","","",22,"",34,"",29,"",26,"",31,"","","",13,"",28,"","","","","",38,"","",""],"avg_dsHAMID":28}