{"Days":["340/23","342/23","343/23","344/23","345/23","349/23","350/23","351/23","352/23","353/23","354/23","355/23","357/23","358/23","359/23","360/23","361/23","364/23","365/23","001/24","002/24","003/24","004/24","005/24","006/24","007/24","008/24","009/24","010/24","011/24","013/24","014/24","015/24","016/24","017/24","018/24","020/24","021/24","022/24","023/24","024/24","025/24","026/24","027/24","028/24","029/24","030/24","031/24","032/24","033/24","034/24","035/24","036/24","037/24","038/24","039/24","040/24","041/24","042/24","043/24","044/24","045/24","046/24","048/24","049/24","050/24","051/24","052/24","053/24","055/24","056/24","058/24","059/24","060/24","061/24","064/24"],"dsHAMMS":["",26,25,33,36,35,22,20,22,"","",25,28,"",22,"","",16,24,20,"","",28,"",33,"",23,"","","",26,19,28,"","","",25,"",29,"","","",38,26,"",30,"","",42,48,19,42,36,"","",38,"",39,42,35,41,"","",36,"",21,43,"","",16,"",39,"","",42,40],"dsHAMEN":[19,"","","","","","","","","",20,"","","","","",13,"","","","",19,"","","","","","",17,"","","","","",17,"","","","","",26,"","","","","","",36,"","","","","","",26,"","","","","","",21,"","","","","",35,"","","","",37,"","",""],"dsCB":["","","","","","","","","","","","","","","","","","","","","","","","","","","","","","","","","","","","","","","","","","","","","","","","","","","","","","","","","","","","","","","","","","","","","","","","","","","",""],"dsVOI":["","","","","","","","","","","","","","","","","","","","","","","","","","","","","","","","","","","","","","","","","","","","","","","","","","","","","","","","","","","","","","","","","","","","","","","","","","","",""],"dsLOC":[12,17,15,24,25,19,11,14,9,10,9,16,20,5,14,7,8,5,19,9,13,11,14,11,18,12,11,8,9,7,13,9,15,7,5,13,13,9,14,11,15,9,26,12,13,14,13,15,14,17,8,13,18,8,11,9,11,16,12,14,13,15,9,11,11,11,10,10,12,7,4,9,10,6,11,12],"dsINTL":[7,9,10,9,11,16,11,6,13,24,11,9,8,19,8,24,5,11,5,11,23,8,14,20,15,34,12,33,8,26,13,10,13,26,12,14,12,33,15,30,11,30,12,14,10,16,31,21,28,31,11,29,18,33,15,29,38,23,30,21,28,6,31,25,36,10,33,25,27,9,31,30,27,38,31,28],"avg_dsHAMMS":30.428571428571427,"avg_dsHAMEN":23.833333333333332,"avg_dsLOC":12.105263157894736,"avg_dsINTL":19.263157894736842,"dsHAMID":["","","","","","","","","",34,"","","",24,"",31,"","","","",36,"","",31,"",46,"",41,"",33,"","","",33,"",27,"",42,"",41,"",39,"","",23,"",44,"","","","","","",41,"","",49,"","","","","",40,"",47,"","","",39,"",35,"","",44,"",""],"avg_dsHAMID":37.27272727272727}