{"Days":["065/24","066/24","067/24","068/24","069/24","070/24","071/24","072/24","073/24","074/24","075/24","076/24","077/24","078/24","079/24","080-22/24","081-3/24","081-22/24","082-3/24","082-22/24","083-3/24","083-22/24","084/24","085-3/24","085-22/24","086/24","087/24","088-22/24","089/24","090-3/24","090-22/24","091/24","092/24","093-3/24","093-22/24","095/24","096/24","097-3/24","097-22/24","098-3/24","098-22/24","099/24","100-3/24","100-21/24","101/24","106/24","107/24","108/24","109/24","111/24","112/24","113/24","114/24","115/24","116/24","118/24","119/24","120/24","121/24","123/24","125/24","126/24","127/24","128/24","129/24","130/24","132/24","133/24","134/24","135/24","136/24","137/24","139/24","141/24","142/24","143/24","144/24","146/24","148/24","149/24","150/24","151/24","152/24","153/24","154/24"],"dsHAMMS":["","","",44,29,"",36,"","","","","","","","",26,"",19,"",25,"",24,"","",37,"","",14,"","",26,"","","",25,"","","",18,"",14,"","",20,"",19,"","",27,"",26,21,18,"",12,12,"",19,20,"",18,18,32,"","","",24,29,22,"","",16,19,17,34,"",26,24,17,"","",18,45,54,25],"dsHAMEN":["",30,"","","","","","","","","","","","","","","","","","","","","","","","","","","","","","","","","","","","","","","","","","",22,"","",16,"","","","","",17,"","","","","","","","","","",20,"","","","","",12,"","","","",21,"","","","",16,"","","",""],"dsCB":["","","","","","","","","","","","","","","","","","","","","","","","","","","","","","","","","","","","","","","","","","","","","","","","","","","","","","","","","","","","","","","","","","","","","","","","","","","","","","","","","","","","",""],"dsVOI":["","","","","","","",39,34,26,35,34,39,39,37,"",47,"",45,"",37,"",28,39,"",38,43,"",39,40,"",34,33,35,"",39,30,52,"",36,"",26,43,"","","","","","","","","","","","","","","","","","","","","","","","","","","","","","","","","","","","","","","","","",""],"dsLOC":[6,8,7,9,7,7,11,27,23,18,19,21,25,23,21,4,26,5,17,6,16,7,15,20,15,14,19,5,20,19,8,15,16,15,7,17,15,22,7,14,8,12,23,12,11,9,6,5,12,6,6,6,8,9,4,5,2,4,5,3,5,8,3,4,6,5,4,8,6,7,6,4,5,6,4,4,5,6,7,3,4,9,9,13,5],"dsINTL":[33,22,36,35,22,43,25,12,11,8,16,13,14,16,16,22,21,14,28,19,21,17,13,19,22,24,24,9,19,21,18,19,17,20,18,22,15,30,11,22,6,14,20,8,11,10,24,11,15,30,20,15,10,8,8,7,10,15,15,38,13,10,29,26,14,25,20,21,16,14,6,12,14,11,30,17,21,18,10,24,12,9,36,41,20],"avg_dsHAMMS":24.225,"avg_dsHAMEN":19.25,"avg_dsLOC":10.329411764705883,"avg_dsINTL":18.48235294117647,"dsHAMID":[39,"",41,"","",50,"","","","","","","","","","","","","","","","","","","","","","","","","","","","","","","","","","","","","","","","",30,"","",36,"","","","","","",12,"","",41,"","","",30,"",30,"","","",21,"","","","","","","","","",27,"","","","",""],"avg_dsHAMID":32.45454545454545}