{"Quarter":["Q1/23","Q2/23","Q3/23","Q4/23","Q1/24","Q2/24"],"qHAMMS":[693,1072,1986,1008,1329,815],"qHAMEN":[369,291,424,53,264,127],"qCB":[266,106,38,"","",""],"qVOI":[298,804,"","",613,264],"qLOC":[1095,1494,1530,875,1163,489],"qINTL":[663,1043,1050,765,1966,1166],"qHAMID":["","","",39,861,319],"avg_qLOC":1107.6666666666667,"avg_qINTL":1108.8333333333333}