{"Quarter":["Q1/23","Q2/23","Q3/23","Q4/23","Q1/24","Q2/24"],"qHAMMS":[693,1072,1986,1008,1329,319],"qHAMEN":[369,291,424,53,264,25],"qCB":[266,106,38,"","",""],"qVOI":[298,804,"","",613,264],"qLOC":[1095,1494,1530,875,1163,295],"qINTL":[663,1043,1050,765,1966,542],"qHAMID":["","","",39,861,149],"avg_qLOC":1075.3333333333333,"avg_qINTL":1004.8333333333334}