{"Week":["01/23","02/23","03/23","04/23","05/23","06/23","07/23","08/23","09/23","10/23","11/23","12/23","13/23","14/23","15/23","16/23","17/23","18/23","19/23","20/23","21/23","22/23","23/23","24/23","25/23","26/23","27/23","28/23","29/23","30/23","31/23","32/23","33/23","34/23","35/23","36/23","37/23","38/23","39/23","40/23","41/23","42/23","43/23","44/23"],"wHAMMS":[32,18,95,67,56,53,95,52,82,65,85,83,"","","",20,94,74,54,103,180,158,150,157,110,167,152,178,191,173,186,163,183,168,218,31,158,115,142,92,166,98,131,23],"wHAMEN":[17,34,30,28,31,37,18,26,40,48,27,33,"","","",47,29,41,23,18,27,"",35,39,30,32,40,48,46,28,22,25,25,28,43,28,21,24,46,37,44,20,"",23],"wCB":[31,28,26,10,23,22,19,18,17,20,14,16,"","","","",18,20,19,8,5,14,17,19,16,20,18,"","","","","","","","","","","","","","","","",""],"wVOI":["","","","","","","","","","","",126,252,292,302,159,"","","","","","","","","","","","","","","","","","","","","","","","","","","",""],"wLOC":[58,45,98,87,78,67,84,75,85,69,93,144,151,180,185,130,50,69,60,92,121,103,136,111,98,149,112,142,142,120,141,129,116,134,134,42,118,87,83,66,94,58,63,22],"wINTL":[30,43,58,22,36,49,52,25,54,64,33,114,111,112,117,98,97,71,36,37,91,69,67,104,58,73,106,94,99,81,67,59,92,62,127,24,61,52,105,64,117,75,68,29],"avg_wHAMMS":112.63414634146342,"avg_wHAMEN":31.743589743589745,"avg_wLOC":100.47727272727273,"avg_wINTL":70.52272727272727}