{"Week":["01/24","02/24","03/24","04/24","05/24","06/24","07/24","08/24","09/24","10/24","11/24","12/24","13/24","14/24","15/24","16/24","17/24","18/24","19/24","20/24","21/24","22/24","23/24","24/24","25/24","26/24","27/24"],"wHAMMS":[81,68,53,93,181,155,112,80,186,113,36,94,77,57,20,72,63,75,85,57,101,159,49,55,59,118,24],"wHAMEN":[19,17,17,26,36,26,21,35,37,30,"","","","",22,16,17,"",20,12,21,16,18,16,19,19,""],"wCB":["","","","","","","","","","","","","","","","","","","","","","","","","","",""],"wVOI":["","","","","","","","","","",207,203,203,195,69,"","","","","","","","","","","",""],"wLOC":[88,57,62,100,94,85,73,54,75,56,144,140,135,121,58,44,34,25,30,28,25,50,25,35,42,65,14],"wINTL":[125,102,110,122,167,186,147,135,192,219,99,187,175,161,53,110,58,91,135,62,97,152,127,93,77,110,10],"avg_wHAMMS":86.03703703703704,"avg_wHAMEN":21.904761904761905,"avg_wLOC":65.14814814814815,"avg_wINTL":122.29629629629629,"wHAMID":[113,74,102,103,44,90,87,74,44,130,"","","","","",66,12,41,60,21,"",27,85,57,41,38,""],"avg_wHAMID":65.45}