{"Week":["36/23","37/23","38/23","39/23","40/23","41/23","42/23","43/23","44/23","45/23","46/23","47/23","48/23","49/23","50/23","51/23","52/23","01/24","02/24","03/24","04/24","05/24","06/24","07/24","08/24","09/24","10/24"],"wHAMMS":["",158,115,142,63,137,8,131,53,40,109,31,60,110,113,75,62,81,68,53,93,181,155,112,80,81,40],"wHAMEN":[28,21,24,46,37,44,"","",23,"",25,14,13,19,"",20,13,19,17,17,26,36,26,21,35,37,""],"wCB":["","","","","","","","","","","","","","","","","","","","","","","","","","",""],"wVOI":["","","","","","","","","","","","","","","","","","","","","","","","","","",""],"wLOC":[42,118,87,83,66,94,58,63,63,51,79,66,47,84,69,69,53,88,57,62,100,94,85,73,54,36,12],"wINTL":[24,61,52,105,64,117,75,68,63,39,55,29,26,45,44,84,53,125,102,110,122,167,186,147,135,126,28],"avg_wHAMMS":90.42307692307692,"avg_wHAMEN":25.5,"avg_wLOC":68.62962962962963,"avg_wINTL":83.4074074074074,"wHAMID":["","","","","","","","","","","","","","","",58,"",113,74,102,103,44,90,87,74,44,""],"avg_wHAMID":78.9}