{"Week":["38/23","39/23","40/23","41/23","42/23","43/23","44/23","45/23","46/23","47/23","48/23","49/23","50/23","51/23","52/23","01/24","02/24","03/24","04/24","05/24","06/24","07/24","08/24","09/24","10/24","11/24"],"wHAMMS":[115,142,63,137,8,131,53,40,109,31,60,110,113,75,62,81,68,53,93,181,155,112,80,186,113,36],"wHAMEN":[24,46,37,44,"","",23,"",25,14,13,19,"",20,13,19,17,17,26,36,26,21,35,37,30,""],"wCB":["","","","","","","","","","","","","","","","","","","","","","","","","",""],"wVOI":["","","","","","","","","","","","","","","","","","","","","","","","","",138],"wLOC":[87,83,66,94,58,63,63,51,79,66,47,84,69,69,53,88,57,62,100,94,85,73,54,75,56,102],"wINTL":[52,105,64,117,75,68,63,39,55,29,26,45,44,84,53,125,102,110,122,167,186,147,135,192,219,72],"avg_wHAMMS":92.57692307692308,"avg_wHAMEN":25.80952380952381,"avg_wLOC":72.23076923076923,"avg_wINTL":96,"wHAMID":["","","","","","","","","","","","","",58,"",113,74,102,103,44,90,87,74,44,130,""],"avg_wHAMID":83.54545454545455}