{"Week":["49/23","50/23","51/23","52/23","01/24","02/24","03/24","04/24","05/24","06/24","07/24","08/24","09/24","10/24","11/24","12/24","13/24","14/24","15/24","16/24","17/24","18/24","19/24","20/24","21/24","22/24"],"wHAMMS":[110,113,75,62,81,68,53,93,181,155,112,80,186,113,36,94,77,57,20,72,63,75,85,57,101,159],"wHAMEN":[19,"",20,13,19,17,17,26,36,26,21,35,37,30,"","","","",22,16,17,"",20,12,21,16],"wCB":["","","","","","","","","","","","","","","","","","","","","","","","","",""],"wVOI":["","","","","","","","","","","","","","",207,203,203,195,69,"","","","","","",""],"wLOC":[84,69,69,53,88,57,62,100,94,85,73,54,75,56,144,140,135,121,58,44,34,25,30,28,25,50],"wINTL":[45,44,84,53,125,102,110,122,167,186,147,135,192,219,99,187,175,161,53,110,58,91,135,62,97,152],"avg_wHAMMS":91.46153846153847,"avg_wHAMEN":22,"avg_wLOC":71.26923076923077,"avg_wINTL":119.65384615384616,"wHAMID":["","",58,"",113,74,102,103,44,90,87,74,44,130,"","","","","",66,12,41,60,21,"",27],"avg_wHAMID":67.41176470588235}