{"Week":["41/23","42/23","43/23","44/23","45/23","46/23","47/23","48/23","49/23","50/23","51/23","52/23","01/24","02/24","03/24","04/24","05/24","06/24","07/24","08/24","09/24","10/24","11/24","12/24","13/24","14/24","15/24"],"wHAMMS":[137,8,131,53,40,109,31,60,110,113,75,62,81,68,53,93,181,155,112,80,186,113,36,94,77,57,20],"wHAMEN":[44,"","",23,"",25,14,13,19,"",20,13,19,17,17,26,36,26,21,35,37,30,"","","","",22],"wCB":["","","","","","","","","","","","","","","","","","","","","","","","","","",""],"wVOI":["","","","","","","","","","","","","","","","","","","","","","",207,203,203,225,26],"wLOC":[94,58,63,63,51,79,66,47,84,69,69,53,88,57,62,100,94,85,73,54,75,56,144,140,135,121,35],"wINTL":[117,75,68,63,39,55,29,26,45,44,84,53,125,102,110,122,167,186,147,135,192,219,99,187,175,161,33],"avg_wHAMMS":86.48148148148148,"avg_wHAMEN":24.05263157894737,"avg_wLOC":78.33333333333333,"avg_wINTL":105.85185185185185,"wHAMID":["","","","","","","","","","",58,"",113,74,102,103,44,90,87,74,44,130,"","","","",""],"avg_wHAMID":83.54545454545455}