{"Week":["01/23","02/23","03/23","04/23","05/23","06/23","07/23","08/23","09/23","10/23","11/23","12/23","13/23","14/23","15/23","16/23","17/23","18/23","19/23","20/23","21/23","22/23","23/23","24/23","25/23","26/23","27/23","28/23","29/23","30/23","31/23","32/23","33/23","34/23","35/23","36/23","37/23","38/23","39/23","40/23","41/23","42/23","43/23","44/23","45/23","46/23","47/23","48/23","49/23","50/23","51/23","52/23","01/24","02/24","03/24","04/24","05/24","06/24","07/24","08/24","09/24"],"wHAMMS":["","",95,67,56,53,95,52,82,65,85,83,"","","","",20,29,54,103,180,158,150,157,110,167,152,178,191,173,186,163,183,168,218,"",158,115,142,63,137,8,131,53,40,109,31,60,110,113,75,62,81,68,53,93,181,155,112,80,39],"wHAMEN":[17,34,30,28,31,37,18,26,40,48,27,33,"","","",47,29,41,23,18,27,"",35,39,30,32,40,48,46,28,22,25,25,28,43,28,21,24,46,37,44,"","",23,"",25,14,13,19,"",20,13,19,17,17,26,36,26,21,35,37],"wCB":[31,28,26,10,23,22,19,18,17,20,14,16,"","","","",18,20,19,8,5,14,17,19,16,20,18,"","","","","","","","","","","","","","","","","","","","","","","","","","","","","","","","","",""],"wVOI":["","","","","","","","","","","",126,252,292,302,130,"","","","","","","","","","","","","","","","","","","","","","","","","","","","","","","","","","","","","","","","","","","","",""],"wLOC":[58,45,98,87,78,67,84,75,85,69,93,144,151,180,185,130,50,69,60,92,121,103,136,111,98,149,112,142,142,120,141,129,116,134,134,42,118,87,83,66,94,58,63,63,51,79,66,47,84,69,69,53,88,57,62,100,94,85,73,54,25],"wINTL":[30,43,58,22,36,49,52,25,54,64,33,114,111,112,117,98,97,71,36,37,91,69,67,104,58,73,106,94,99,81,67,59,92,62,127,24,61,52,105,64,117,75,68,63,39,55,29,26,45,44,84,53,125,102,110,122,167,186,147,135,95],"avg_wHAMMS":106.33333333333333,"avg_wHAMEN":29.358490566037737,"avg_wLOC":92.09836065573771,"avg_wINTL":77.06557377049181,"wHAMID":["","","","","","","","","","","","","","","","","","","","","","","","","","","","","","","","","","","","","","","","","","","","","","","","","","",58,"",113,74,102,103,44,90,87,74,44],"avg_wHAMID":78.9}