{"average_HAMMS":40.76842105263158,"average_HAMEN":31.41176470588235,"average_CB":18.333333333333332,"average_VOI":39.03448275862069}