{"average_HAMMS":41.19565217391305,"average_HAMEN":31.636363636363637,"average_CB":18.333333333333332,"average_VOI":39.03448275862069}