{"average_HAMMS":40.53,"average_HAMEN":31.82857142857143,"average_CB":18.333333333333332,"average_VOI":39.03448275862069,"average_LOC":21.75531914893617,"average_INTL":14.452127659574469}