{"average_HAMMS":40.4811320754717,"average_HAMEN":31.97222222222222,"average_CB":18.333333333333332,"average_VOI":39.03448275862069,"average_LOC":21.615384615384617,"average_INTL":14.702564102564102}