{"average_HAM-MS":41.18072289156626,"average_HAM-EN":32.096774193548384,"average_CB":18.333333333333332,"average_VOI":39.03448275862069}