{"average_HAMMS":41.31818181818182,"average_HAMEN":32.096774193548384,"average_CB":18.333333333333332,"average_VOI":39.03448275862069}