{"average_HAMMS":40.54455445544554,"average_HAMEN":31.82857142857143,"average_CB":18.333333333333332,"average_VOI":39.03448275862069,"average_LOC":21.724867724867725,"average_INTL":14.513227513227513}