{"average_HAMMS":40.75257731958763,"average_HAMEN":31.41176470588235,"average_CB":18.333333333333332,"average_VOI":39.03448275862069,"average_LOC":21.86413043478261,"average_INTL":14.33695652173913}