{"average_HAMMS":40.3394495412844,"average_HAMEN":32.2972972972973,"average_CB":18.333333333333332,"average_VOI":39.03448275862069,"average_LOC":21.5678391959799,"average_INTL":14.773869346733669}