{"average_HAMMS":40.55882352941177,"average_HAMEN":31.97222222222222,"average_CB":18.333333333333332,"average_VOI":39.03448275862069,"average_LOC":21.68586387434555,"average_INTL":14.586387434554974}